id,bio,children,description,diet,dob,drink,education,email,exercise,first_name,gender,global,higher_range,last_name,location,lower_range,maximum_distance,personality,pets,phone_number,preferance,profile_score,relation_goal,sleeping,smoke,star_sign,status,vaccinated,work_at
1,engineer at dell,,Looking for match this time,,1998-01-08,,,dk0108199@gmail.com,,Aryanshu,Male,False,25,Verma,lat:20.336822969725773 long:20.018762439947363,18,400,,,,Female,0.0,,,,,,,Dell
2,"Alexander Clark, 23, West Davidhaven, Producer, television/film/video",Yes,"Hi, I'm Alexander Clark! I'm 23 years old and I live in West Davidhaven.Currently, I work as a Producer, television/film/video. My main interests include Technology, Technology, Art. Feel free to reach out to me if you share any of these passions!",Pescatarian,1991-12-16,Yes,AtUni,frederick21@example.org,Moderate,Alexander,Transgender,True,39,Clark,lat:20.29217731885019 long:20.185184862176975,23,50,Introvert,Bird,+91 -250-331-3899x526,Transgender,0.4,FiguringOut,Balanced,Occasionally,Gemini,Married,Partial,"Producer, television/film/video"
3,"Michael Cox, 20, Lake Robertberg, Herpetologist",No,"Hi, I'm Michael Cox! I'm 20 years old and I live in Lake Robertberg.Currently, I work as a Herpetologist. My main interests include Travel, Technology, Travel. Feel free to reach out to me if you share any of these passions!",Vegetarian,1992-09-14,No,TradeSchool,charles30@example.com,Active,Michael,Male,False,29,Cox,lat:20.584763903848756 long:20.979886411870048,19,50,Ambivert,Fish,+91 5)232-7119,Everyone,0.6,Friends,EarlyBird,Yes,Cancer,Divorced,PreferNotToSay,Herpetologist
4,"Gabriella Flores, 45, Leebury, Research officer, trade union",Yes,"Hi, I'm Gabriella Flores! I'm 45 years old and I live in Leebury.Currently, I work as a Research officer, trade union. My main interests include Travel, Travel, Music. Feel free to reach out to me if you share any of these passions!",Vegan,1998-01-12,Yes,Phd,smoran@example.net,Sedentary,Gabriella,Female,True,50,Flores,lat:21.536387055009982 long:22.323891743377796,25,50,Extrovert,Reptile,+91 -520-1852,Male,0.3,LongTerm,NightOwl,No,Leo,Widowed,Yes,"Research officer, trade union"
5,"David Cook, 59, Port Richard, Community education officer",No,"Hi, I'm David Cook! I'm 59 years old and I live in Port Richard.Currently, I work as a Community education officer. My main interests include Music, Technology, Music. Feel free to reach out to me if you share any of these passions!",Pescatarian,2001-02-19,No,HighSchool,rmartin@example.com,Light,David,Transgender,False,25,Cook,lat:20.336822969725773 long:20.018762439947363,20,50,Introvert,None,+91 5)321-9410,Female,0.2,ShortTerm,Balanced,Occasionally,Virgo,Single,No,Community education officer
6,"Mr. Vincent Casey, 60, Josephbury, Energy engineer",Yes,"Hi, I'm Mr. Vincent Casey! I'm 60 years old and I live in Josephbury.Currently, I work as a Energy engineer. My main interests include Technology, Travel, Sports. Feel free to reach out to me if you share any of these passions!",Vegetarian,1980-08-07,Yes,Diploma,ronaldriley@example.com,Moderate,Vincent,Male,True,27,Casey,lat:21.33706861523911 long:21.403360483161734,19,50,Ambivert,Dog,+91 9)661-3185x7303,Transgender,0.2,FiguringOut,EarlyBird,Yes,Libra,InARelationship,Partial,Energy engineer
7,"Kimberly Williams, 34, Kimberlyton, Volunteer coordinator",No,"Hi, I'm Kimberly Williams! I'm 34 years old and I live in Kimberlyton.Currently, I work as a Volunteer coordinator. My main interests include Art, Travel, Technology. Feel free to reach out to me if you share any of these passions!",Vegan,2004-04-15,No,Bachelors,mcmahonsteven@example.com,Active,Kimberly,Female,False,37,Williams,lat:20.452325722156925 long:20.181659855902577,25,50,Extrovert,Cat,+91 -956-9896x79099,Everyone,0.4,Friends,NightOwl,No,Scorpio,Married,PreferNotToSay,Volunteer coordinator
8,"Maria Smith, 50, Lake Michael, Academic librarian",Yes,"Hi, I'm Maria Smith! I'm 50 years old and I live in Lake Michael.Currently, I work as a Academic librarian. My main interests include Sports, Art, Sports. Feel free to reach out to me if you share any of these passions!",Pescatarian,1996-04-07,Yes,Masters,melindabooker@example.org,Sedentary,Maria,Transgender,True,56,Smith,lat:21.78064254787971 long:21.777437310646434,21,50,Introvert,Bird,+91 258-386-4031x83141,Male,0.0,LongTerm,Balanced,Occasionally,Sagittarius,Divorced,Yes,Academic librarian
9,"Marc Anderson, 65, Lake Dylantown, Drilling engineer",No,"Hi, I'm Marc Anderson! I'm 65 years old and I live in Lake Dylantown.Currently, I work as a Drilling engineer. My main interests include Technology, Sports, Music. Feel free to reach out to me if you share any of these passions!",Vegetarian,1990-03-10,No,AtUni,crystal55@example.org,Light,Marc,Male,False,27,Anderson,lat:20.506889310545876 long:20.51365097383587,21,50,Ambivert,Fish,+91 7)988-7466x87768,Female,0.2,ShortTerm,EarlyBird,Yes,Capricorn,Widowed,No,Drilling engineer
10,"Joseph Hernandez, 31, Robertshire, Microbiologist",Yes,"Hi, I'm Joseph Hernandez! I'm 31 years old and I live in Robertshire.Currently, I work as a Microbiologist. My main interests include Technology, Sports, Music. Feel free to reach out to me if you share any of these passions!",Vegan,1998-07-15,Yes,TradeSchool,cunninghamhannah@example.net,Moderate,Joseph,Female,True,58,Hernandez,lat:21.128345586186192 long:20.952036867763173,21,50,Extrovert,Reptile,+91 618-496-2830x24120,Transgender,1.0,FiguringOut,NightOwl,No,Aquarius,Single,Partial,Microbiologist
11,"Melissa Patterson, 48, Knightbury, Counsellor",No,"Hi, I'm Melissa Patterson! I'm 48 years old and I live in Knightbury.Currently, I work as a Counsellor. My main interests include Sports, Music, Art. Feel free to reach out to me if you share any of these passions!",Pescatarian,1990-11-24,No,Phd,shannon59@example.net,Active,Melissa,Transgender,False,57,Patterson,lat:20.684848689968593 long:20.791506799515407,24,50,Introvert,None,+91 2)217-0358,Everyone,0.3,Friends,Balanced,Occasionally,Pisces,InARelationship,PreferNotToSay,Counsellor
12,"James Hall, 54, New Christinehaven, Secretary, company",Yes,"Hi, I'm James Hall! I'm 54 years old and I live in New Christinehaven.Currently, I work as a Secretary, company. My main interests include Technology, Music, Art. Feel free to reach out to me if you share any of these passions!",Vegetarian,1997-05-27,Yes,HighSchool,johnsonmark@example.com,Sedentary,James,Male,True,51,Hall,lat:21.691315641178065 long:21.915675078347093,25,50,Ambivert,Dog,+91 -972-2731x055,Male,0.8,LongTerm,EarlyBird,Yes,Aries,Married,Yes,"Secretary, company"
13,"Jonathan King, 42, Kathleenfort, Surveyor, commercial/residential",No,"Hi, I'm Jonathan King! I'm 42 years old and I live in Kathleenfort.Currently, I work as a Surveyor, commercial/residential. My main interests include Sports, Sports, Sports. Feel free to reach out to me if you share any of these passions!",Vegan,1986-09-22,No,Diploma,awhite@example.org,Light,Jonathan,Female,False,55,King,lat:20.85363881432161 long:20.134527284476576,21,50,Extrovert,Cat,+91 6)468-3661,Female,0.3,ShortTerm,NightOwl,No,Taurus,Divorced,No,"Surveyor, commercial/residential"
14,"Samantha Hull, 63, Donnabury, Research officer, trade union",Yes,"Hi, I'm Samantha Hull! I'm 63 years old and I live in Donnabury.Currently, I work as a Research officer, trade union. My main interests include Art, Sports, Technology. Feel free to reach out to me if you share any of these passions!",Pescatarian,1995-05-02,Yes,Bachelors,richardguerrero@example.org,Moderate,Samantha,Transgender,True,49,Hull,lat:20.293267051215924 long:22.84907187687032,21,50,Introvert,Bird,+91 5)937-7798x9036,Transgender,0.3,FiguringOut,Balanced,Occasionally,Gemini,Widowed,Partial,"Research officer, trade union"
15,"Katherine Rocha, 35, South Katherineview, Illustrator",No,"Hi, I'm Katherine Rocha! I'm 35 years old and I live in South Katherineview.Currently, I work as a Illustrator. My main interests include Art, Sports, Travel. Feel free to reach out to me if you share any of these passions!",Vegetarian,1986-06-21,No,Masters,testrada@example.com,Active,Katherine,Male,False,38,Rocha,lat:21.318648266628646 long:22.345071642899917,18,50,Ambivert,Fish,+91 7)943-6296x78143,Everyone,0.6,Friends,EarlyBird,Yes,Cancer,Single,PreferNotToSay,Illustrator
16,"Mark Flores, 45, Natashaville, Archivist",Yes,"Hi, I'm Mark Flores! I'm 45 years old and I live in Natashaville.Currently, I work as a Archivist. My main interests include Music, Music, Music. Feel free to reach out to me if you share any of these passions!",Vegan,1989-07-08,Yes,AtUni,andrewbeck@example.com,Sedentary,Mark,Female,True,26,Flores,lat:20.4259116716837 long:20.079999974740367,25,50,Extrovert,Reptile,+91 .583.8862x102,Male,0.3,LongTerm,NightOwl,No,Leo,InARelationship,Yes,Archivist
17,"Scott Smith, 41, West Vickie, Mechanical engineer",No,"Hi, I'm Scott Smith! I'm 41 years old and I live in West Vickie.Currently, I work as a Mechanical engineer. My main interests include Travel, Technology, Travel. Feel free to reach out to me if you share any of these passions!",Pescatarian,1981-08-06,No,TradeSchool,omargonzalez@example.net,Light,Scott,Transgender,False,60,Smith,lat:21.45010354265183 long:20.097189205630762,23,50,Introvert,None,+91 -257-326-9009x619,Female,0.7,ShortTerm,Balanced,Occasionally,Virgo,Married,No,Mechanical engineer
18,"William Martinez, 64, North Julie, Surveyor, building",Yes,"Hi, I'm William Martinez! I'm 64 years old and I live in North Julie.Currently, I work as a Surveyor, building. My main interests include Music, Sports, Music. Feel free to reach out to me if you share any of these passions!",Vegetarian,1994-01-11,Yes,Phd,adrianwilson@example.net,Moderate,William,Male,True,30,Martinez,lat:21.890188719893807 long:20.921299010748164,21,50,Ambivert,Dog,+91 9)419-8483,Transgender,0.8,FiguringOut,EarlyBird,Yes,Libra,Divorced,Partial,"Surveyor, building"
19,"Jose Johnson, 27, Brownburgh, Embryologist, clinical",No,"Hi, I'm Jose Johnson! I'm 27 years old and I live in Brownburgh.Currently, I work as a Embryologist, clinical. My main interests include Music, Sports, Music. Feel free to reach out to me if you share any of these passions!",Vegan,1986-10-04,No,HighSchool,williamscrystal@example.com,Active,Jose,Female,False,45,Johnson,lat:20.88778947549341 long:22.66710954203514,21,50,Extrovert,Cat,+91 7)904-6830x32155,Everyone,0.2,Friends,NightOwl,No,Scorpio,Widowed,PreferNotToSay,"Embryologist, clinical"
20,"Derek Harrington, 67, North Cynthia, Civil engineer, consulting",Yes,"Hi, I'm Derek Harrington! I'm 67 years old and I live in North Cynthia.Currently, I work as a Civil engineer, consulting. My main interests include Sports, Art, Art. Feel free to reach out to me if you share any of these passions!",Pescatarian,2004-05-21,Yes,Diploma,martinezlarry@example.net,Sedentary,Derek,Transgender,True,28,Harrington,lat:21.279045144409217 long:21.49110289761382,24,50,Introvert,Bird,+91 4)654-6680,Male,0.6,LongTerm,Balanced,Occasionally,Sagittarius,Single,Yes,"Civil engineer, consulting"
21,"Danielle Edwards, 65, Floresview, Development worker, international aid",No,"Hi, I'm Danielle Edwards! I'm 65 years old and I live in Floresview.Currently, I work as a Development worker, international aid. My main interests include Sports, Sports, Technology. Feel free to reach out to me if you share any of these passions!",Vegetarian,2001-12-20,No,Bachelors,jacobstravis@example.net,Light,Danielle,Male,False,34,Edwards,lat:20.24271437144308 long:20.192393363395034,21,50,Ambivert,Fish,+91 5)862-7518,Female,0.7,ShortTerm,EarlyBird,Yes,Capricorn,InARelationship,No,"Development worker, international aid"
22,"Kenneth Williams, 59, Chelsealand, Therapist, speech and language",Yes,"Hi, I'm Kenneth Williams! I'm 59 years old and I live in Chelsealand.Currently, I work as a Therapist, speech and language. My main interests include Sports, Technology, Art. Feel free to reach out to me if you share any of these passions!",Vegan,1991-07-19,Yes,Masters,tatelynn@example.org,Moderate,Kenneth,Female,True,36,Williams,lat:20.313577151732936 long:22.395039304968233,20,50,Extrovert,Reptile,+91 7027247,Transgender,0.2,FiguringOut,NightOwl,No,Aquarius,Married,Partial,"Therapist, speech and language"
23,"Kenneth Scott, 19, West Alexanderfurt, Secondary school teacher",No,"Hi, I'm Kenneth Scott! I'm 19 years old and I live in West Alexanderfurt.Currently, I work as a Secondary school teacher. My main interests include Sports, Travel, Sports. Feel free to reach out to me if you share any of these passions!",Pescatarian,1996-12-09,No,AtUni,tstevenson@example.com,Active,Kenneth,Transgender,False,49,Scott,lat:20.509175608761808 long:21.216134813070628,19,50,Introvert,None,+91 .670.0522,Everyone,0.8,Friends,Balanced,Occasionally,Pisces,Divorced,PreferNotToSay,Secondary school teacher
24,"Elizabeth Morse, 34, Williamsmouth, Broadcast engineer",Yes,"Hi, I'm Elizabeth Morse! I'm 34 years old and I live in Williamsmouth.Currently, I work as a Broadcast engineer. My main interests include Travel, Music, Travel. Feel free to reach out to me if you share any of these passions!",Vegetarian,1987-12-22,Yes,TradeSchool,debramiller@example.org,Sedentary,Elizabeth,Male,True,40,Morse,lat:21.990944883502245 long:22.64915610757498,20,50,Ambivert,Dog,+91 781-930-9436x543,Male,0.5,LongTerm,EarlyBird,Yes,Aries,Widowed,Yes,Broadcast engineer
25,"Ana Martinez, 42, Mooreton, Intelligence analyst",No,"Hi, I'm Ana Martinez! I'm 42 years old and I live in Mooreton.Currently, I work as a Intelligence analyst. My main interests include Art, Technology, Art. Feel free to reach out to me if you share any of these passions!",Vegan,1994-05-15,No,Phd,hollylarson@example.org,Light,Ana,Female,False,31,Martinez,lat:21.234568910955034 long:20.697183396874767,23,50,Extrovert,Cat,+91 422-760-1433x255,Female,0.6,ShortTerm,NightOwl,No,Taurus,Single,No,Intelligence analyst
26,"Michael Nielsen MD, 38, Isaacshire, Radio broadcast assistant",Yes,"Hi, I'm Michael Nielsen MD! I'm 38 years old and I live in Isaacshire.Currently, I work as a Radio broadcast assistant. My main interests include Music, Technology, Sports. Feel free to reach out to me if you share any of these passions!",Pescatarian,1980-03-23,Yes,HighSchool,donna05@example.com,Moderate,Nielsen,Transgender,True,47,MD,lat:21.466901026883615 long:21.779975398809302,25,50,Introvert,Bird,+91 9)893-3365x504,Transgender,0.9,FiguringOut,Balanced,Occasionally,Gemini,InARelationship,Partial,Radio broadcast assistant
27,"Robert Hernandez, 55, West Johnbury, Engineer, energy",No,"Hi, I'm Robert Hernandez! I'm 55 years old and I live in West Johnbury.Currently, I work as a Engineer, energy. My main interests include Art, Travel, Technology. Feel free to reach out to me if you share any of these passions!",Vegetarian,1987-03-14,No,Diploma,gabriella98@example.net,Active,Robert,Male,False,45,Hernandez,lat:20.215286623234444 long:21.78851039062875,21,50,Ambivert,Fish,+91 4)707-4940,Everyone,0.7,Friends,EarlyBird,Yes,Cancer,Married,PreferNotToSay,"Engineer, energy"
28,"Patricia Johnson, 69, Danielfort, Intelligence analyst",Yes,"Hi, I'm Patricia Johnson! I'm 69 years old and I live in Danielfort.Currently, I work as a Intelligence analyst. My main interests include Technology, Sports, Travel. Feel free to reach out to me if you share any of these passions!",Vegan,1981-10-31,Yes,Bachelors,beardashley@example.net,Sedentary,Patricia,Female,True,52,Johnson,lat:21.522210511604882 long:21.725366025199424,21,50,Extrovert,Reptile,+91 1)373-9675x95157,Male,0.0,LongTerm,NightOwl,No,Leo,Divorced,Yes,Intelligence analyst
29,"Stephanie Lewis, 19, West Cathymouth, Medical laboratory scientific officer",No,"Hi, I'm Stephanie Lewis! I'm 19 years old and I live in West Cathymouth.Currently, I work as a Medical laboratory scientific officer. My main interests include Sports, Technology, Travel. Feel free to reach out to me if you share any of these passions!",Pescatarian,1998-01-05,No,Masters,ryanryan@example.net,Light,Stephanie,Transgender,False,33,Lewis,lat:20.92943104699836 long:20.249779078907913,18,50,Introvert,None,+91 483-359-2630x53757,Female,0.4,ShortTerm,Balanced,Occasionally,Virgo,Widowed,No,Medical laboratory scientific officer
30,"Shane Cox, 40, Lake Thomas, Sales professional, IT",Yes,"Hi, I'm Shane Cox! I'm 40 years old and I live in Lake Thomas.Currently, I work as a Sales professional, IT. My main interests include Music, Travel, Art. Feel free to reach out to me if you share any of these passions!",Vegetarian,1991-12-21,Yes,AtUni,fperez@example.com,Moderate,Shane,Male,True,45,Cox,lat:20.747183741028408 long:20.754466406605122,21,50,Ambivert,Dog,+91 -309-3268x6884,Transgender,0.5,FiguringOut,EarlyBird,Yes,Libra,Single,Partial,"Sales professional, IT"
31,"Jennifer Davis, 64, North Vincent, Heritage manager",No,"Hi, I'm Jennifer Davis! I'm 64 years old and I live in North Vincent.Currently, I work as a Heritage manager. My main interests include Music, Travel, Music. Feel free to reach out to me if you share any of these passions!",Vegan,1997-11-19,No,TradeSchool,larryvincent@example.net,Active,Jennifer,Female,False,56,Davis,lat:20.40162750492402 long:22.22484564485445,22,50,Extrovert,Cat,+91 7)498-9086x029,Everyone,0.6,Friends,NightOwl,No,Scorpio,InARelationship,PreferNotToSay,Heritage manager
32,"Sean Martin, 32, East Rebecca, Commercial horticulturist",Yes,"Hi, I'm Sean Martin! I'm 32 years old and I live in East Rebecca.Currently, I work as a Commercial horticulturist. My main interests include Sports, Sports, Travel. Feel free to reach out to me if you share any of these passions!",Pescatarian,1990-06-02,Yes,Phd,velazquezbrianna@example.net,Sedentary,Sean,Transgender,True,48,Martin,lat:21.012333487949657 long:22.20053241710294,20,50,Introvert,Bird,+91 -573-337-7697,Male,0.4,LongTerm,Balanced,Occasionally,Sagittarius,Married,Yes,Commercial horticulturist
33,"Gregory Smith, 63, Port Lauramouth, Insurance underwriter",No,"Hi, I'm Gregory Smith! I'm 63 years old and I live in Port Lauramouth.Currently, I work as a Insurance underwriter. My main interests include Art, Technology, Travel. Feel free to reach out to me if you share any of these passions!",Vegetarian,1985-06-15,No,HighSchool,jonyoung@example.com,Light,Gregory,Male,False,51,Smith,lat:20.388272783592114 long:20.351858796214117,22,50,Ambivert,Fish,+91 8)428-4327x54930,Female,0.6,ShortTerm,EarlyBird,Yes,Capricorn,Divorced,No,Insurance underwriter
34,"Rhonda Powell, 42, New Billy, Quarry manager",Yes,"Hi, I'm Rhonda Powell! I'm 42 years old and I live in New Billy.Currently, I work as a Quarry manager. My main interests include Music, Art, Art. Feel free to reach out to me if you share any of these passions!",Vegan,1986-06-03,Yes,Diploma,djohnson@example.org,Moderate,Rhonda,Female,True,35,Powell,lat:20.58448013768921 long:21.291805775425534,23,50,Extrovert,Reptile,+91 8099220,Transgender,0.9,FiguringOut,NightOwl,No,Aquarius,Widowed,Partial,Quarry manager
35,"Angela Mclaughlin, 39, East Brandihaven, Manufacturing engineer",No,"Hi, I'm Angela Mclaughlin! I'm 39 years old and I live in East Brandihaven.Currently, I work as a Manufacturing engineer. My main interests include Art, Sports, Technology. Feel free to reach out to me if you share any of these passions!",Pescatarian,1992-05-03,No,Bachelors,padams@example.com,Active,Angela,Transgender,False,43,Mclaughlin,lat:21.849867044643094 long:20.683020871904944,25,50,Introvert,None,+91 .225.8700,Everyone,0.1,Friends,Balanced,Occasionally,Pisces,Single,PreferNotToSay,Manufacturing engineer
36,"Mr. William Williams PhD, 36, Angelatown, Investment analyst",Yes,"Hi, I'm Mr. William Williams PhD! I'm 36 years old and I live in Angelatown.Currently, I work as a Investment analyst. My main interests include Music, Travel, Travel. Feel free to reach out to me if you share any of these passions!",Vegetarian,1984-05-21,Yes,Masters,perkinsjohnny@example.org,Sedentary,Williams,Male,True,39,PhD,lat:20.8048127840381 long:20.39182819950393,21,50,Ambivert,Dog,+91 -211-1816x5246,Male,0.0,LongTerm,EarlyBird,Yes,Aries,InARelationship,Yes,Investment analyst
37,"Nicholas Carter, 44, Lake Jerry, Geographical information systems officer",No,"Hi, I'm Nicholas Carter! I'm 44 years old and I live in Lake Jerry.Currently, I work as a Geographical information systems officer. My main interests include Music, Art, Music. Feel free to reach out to me if you share any of these passions!",Vegan,1997-08-01,No,AtUni,lauren69@example.net,Light,Nicholas,Female,False,32,Carter,lat:20.07085299080112 long:22.545685259459837,25,50,Extrovert,Cat,+91 .826.4294x475,Female,0.4,ShortTerm,NightOwl,No,Taurus,Married,No,Geographical information systems officer
38,"Bethany Miller, 65, Lake Robertbury, Immunologist",Yes,"Hi, I'm Bethany Miller! I'm 65 years old and I live in Lake Robertbury.Currently, I work as a Immunologist. My main interests include Music, Travel, Sports. Feel free to reach out to me if you share any of these passions!",Pescatarian,1996-11-18,Yes,TradeSchool,doyledaniel@example.com,Moderate,Bethany,Transgender,True,43,Miller,lat:20.028437384986027 long:22.997825790824926,24,50,Introvert,Bird,+91 409-493-6297,Transgender,0.5,FiguringOut,Balanced,Occasionally,Gemini,Divorced,Partial,Immunologist
39,"Erica Robinson, 66, Whiteshire, Best boy",No,"Hi, I'm Erica Robinson! I'm 66 years old and I live in Whiteshire.Currently, I work as a Best boy. My main interests include Technology, Music, Art. Feel free to reach out to me if you share any of these passions!",Vegetarian,2000-11-16,No,Phd,xgarcia@example.org,Active,Erica,Male,False,54,Robinson,lat:20.415723818453298 long:21.866019080913116,21,50,Ambivert,Fish,+91 583-423-5860x385,Everyone,0.0,Friends,EarlyBird,Yes,Cancer,Widowed,PreferNotToSay,Best boy
40,"Kendra Miller, 22, Meganstad, Bonds trader",Yes,"Hi, I'm Kendra Miller! I'm 22 years old and I live in Meganstad.Currently, I work as a Bonds trader. My main interests include Travel, Technology, Sports. Feel free to reach out to me if you share any of these passions!",Vegan,1981-08-01,Yes,HighSchool,wusean@example.net,Sedentary,Kendra,Female,True,28,Miller,lat:21.628041347993072 long:21.903891975740546,24,50,Extrovert,Reptile,+91 .861.9353x36829,Male,0.7,LongTerm,NightOwl,No,Leo,Single,Yes,Bonds trader
41,"Gerald Wilson, 44, West Cesarton, Company secretary",No,"Hi, I'm Gerald Wilson! I'm 44 years old and I live in West Cesarton.Currently, I work as a Company secretary. My main interests include Technology, Art, Travel. Feel free to reach out to me if you share any of these passions!",Pescatarian,1995-05-13,No,Diploma,ffletcher@example.com,Light,Gerald,Transgender,False,41,Wilson,lat:20.123027316580316 long:21.994119088235102,18,50,Introvert,None,+91 .566.2631,Female,0.3,ShortTerm,Balanced,Occasionally,Virgo,InARelationship,No,Company secretary
42,"Frederick Barnett, 58, Gomezborough, Ecologist",Yes,"Hi, I'm Frederick Barnett! I'm 58 years old and I live in Gomezborough.Currently, I work as a Ecologist. My main interests include Travel, Technology, Music. Feel free to reach out to me if you share any of these passions!",Vegetarian,1990-05-18,Yes,Bachelors,washingtonheather@example.net,Moderate,Frederick,Male,True,58,Barnett,lat:21.220005596666898 long:22.321462508531692,23,50,Ambivert,Dog,+91 -862-8798,Transgender,0.7,FiguringOut,EarlyBird,Yes,Libra,Married,Partial,Ecologist
43,"Richard Keller, 34, Michaelview, Actuary",No,"Hi, I'm Richard Keller! I'm 34 years old and I live in Michaelview.Currently, I work as a Actuary. My main interests include Music, Travel, Art. Feel free to reach out to me if you share any of these passions!",Vegan,2002-09-01,No,Masters,lopezcharles@example.net,Active,Richard,Female,False,28,Keller,lat:21.460987975476765 long:22.22898669442207,22,50,Extrovert,Cat,+91 -602-5754,Everyone,0.4,Friends,NightOwl,No,Scorpio,Divorced,PreferNotToSay,Actuary
44,"Laura Cantrell, 49, Frostland, Museum/gallery conservator",Yes,"Hi, I'm Laura Cantrell! I'm 49 years old and I live in Frostland.Currently, I work as a Museum/gallery conservator. My main interests include Music, Sports, Art. Feel free to reach out to me if you share any of these passions!",Pescatarian,1983-07-12,Yes,AtUni,jason50@example.org,Sedentary,Laura,Transgender,True,36,Cantrell,lat:20.047644681543325 long:20.90432993479409,23,50,Introvert,Bird,+91 8)523-0117,Male,0.9,LongTerm,Balanced,Occasionally,Sagittarius,Widowed,Yes,Museum/gallery conservator
45,"Courtney Zhang, 57, Cassandraview, Arts administrator",No,"Hi, I'm Courtney Zhang! I'm 57 years old and I live in Cassandraview.Currently, I work as a Arts administrator. My main interests include Technology, Art, Music. Feel free to reach out to me if you share any of these passions!",Vegetarian,1998-12-20,No,TradeSchool,olivia62@example.org,Light,Courtney,Male,False,48,Zhang,lat:20.703533483313215 long:22.94677844455248,23,50,Ambivert,Fish,+91 4371047,Female,0.9,ShortTerm,EarlyBird,Yes,Capricorn,Single,No,Arts administrator
46,"Eric Ochoa DDS, 60, Collinsside, Ophthalmologist",Yes,"Hi, I'm Eric Ochoa DDS! I'm 60 years old and I live in Collinsside.Currently, I work as a Ophthalmologist. My main interests include Sports, Music, Travel. Feel free to reach out to me if you share any of these passions!",Vegan,1994-03-22,Yes,Phd,julie46@example.com,Moderate,Ochoa,Female,True,40,DDS,lat:20.76871130874117 long:20.05328361079733,24,50,Extrovert,Reptile,+91 -989-959-6834x669,Transgender,0.4,FiguringOut,NightOwl,No,Aquarius,InARelationship,Partial,Ophthalmologist
47,"Bethany Walker, 25, Mendozabury, Multimedia specialist",No,"Hi, I'm Bethany Walker! I'm 25 years old and I live in Mendozabury.Currently, I work as a Multimedia specialist. My main interests include Sports, Sports, Travel. Feel free to reach out to me if you share any of these passions!",Pescatarian,1992-09-24,No,HighSchool,khenry@example.net,Active,Bethany,Transgender,False,50,Walker,lat:21.066651626312968 long:22.44535059740285,21,50,Introvert,None,+91 9255087,Everyone,0.2,Friends,Balanced,Occasionally,Pisces,Married,PreferNotToSay,Multimedia specialist
48,"Michael Wilcox, 54, North Seanberg, Magazine journalist",Yes,"Hi, I'm Michael Wilcox! I'm 54 years old and I live in North Seanberg.Currently, I work as a Magazine journalist. My main interests include Technology, Technology, Travel. Feel free to reach out to me if you share any of these passions!",Vegetarian,1991-01-28,Yes,Diploma,ksharp@example.net,Sedentary,Michael,Male,True,39,Wilcox,lat:20.90034985857783 long:22.30411291677207,18,50,Ambivert,Dog,+91 .203.7674,Male,0.9,LongTerm,EarlyBird,Yes,Aries,Divorced,Yes,Magazine journalist
49,"John Martinez, 48, Craigberg, Public house manager",No,"Hi, I'm John Martinez! I'm 48 years old and I live in Craigberg.Currently, I work as a Public house manager. My main interests include Music, Music, Technology. Feel free to reach out to me if you share any of these passions!",Vegan,1992-03-22,No,Bachelors,micheleholmes@example.net,Light,John,Female,False,38,Martinez,lat:21.20303728963961 long:21.358499941833657,19,50,Extrovert,Cat,+91 -516-228-7097x689,Female,0.4,ShortTerm,NightOwl,No,Taurus,Widowed,No,Public house manager
50,"Andrew Richardson, 66, Lewishaven, Teacher, adult education",Yes,"Hi, I'm Andrew Richardson! I'm 66 years old and I live in Lewishaven.Currently, I work as a Teacher, adult education. My main interests include Technology, Music, Art. Feel free to reach out to me if you share any of these passions!",Pescatarian,1990-02-02,Yes,Masters,deborah31@example.net,Moderate,Andrew,Transgender,True,33,Richardson,lat:21.248341071040233 long:20.441216627964597,25,50,Introvert,Bird,+91 .401.7519x4197,Transgender,0.1,FiguringOut,Balanced,Occasionally,Gemini,Single,Partial,"Teacher, adult education"
51,"Roger Walker, 41, East Reginald, Meteorologist",No,"Hi, I'm Roger Walker! I'm 41 years old and I live in East Reginald.Currently, I work as a Meteorologist. My main interests include Travel, Music, Travel. Feel free to reach out to me if you share any of these passions!",Vegetarian,1988-03-27,No,AtUni,oscott@example.com,Active,Roger,Male,False,55,Walker,lat:21.217363256530064 long:20.380446387259394,21,50,Ambivert,Fish,+91 -677-8616x5623,Everyone,0.1,Friends,EarlyBird,Yes,Cancer,InARelationship,PreferNotToSay,Meteorologist
52,"Nathan Walker, 26, Lake Elizabeth, Museum/gallery curator",Yes,"Hi, I'm Nathan Walker! I'm 26 years old and I live in Lake Elizabeth.Currently, I work as a Museum/gallery curator. My main interests include Music, Music, Travel. Feel free to reach out to me if you share any of these passions!",Vegan,1986-10-22,Yes,TradeSchool,karen74@example.com,Sedentary,Nathan,Female,True,36,Walker,lat:20.337403055668062 long:21.41891802502834,25,50,Extrovert,Reptile,+91 .330.3014x23207,Male,0.1,LongTerm,NightOwl,No,Leo,Married,Yes,Museum/gallery curator
53,"Kenneth Fields, 62, Wardland, Data processing manager",No,"Hi, I'm Kenneth Fields! I'm 62 years old and I live in Wardland.Currently, I work as a Data processing manager. My main interests include Sports, Art, Sports. Feel free to reach out to me if you share any of these passions!",Pescatarian,1980-04-24,No,Phd,james28@example.com,Light,Kenneth,Transgender,False,29,Fields,lat:20.548921656694528 long:22.177042635653045,19,50,Introvert,None,+91 -751-4015,Female,0.4,ShortTerm,Balanced,Occasionally,Virgo,Divorced,No,Data processing manager
54,"Julie Thomas, 36, North Robinland, Accountant, chartered management",Yes,"Hi, I'm Julie Thomas! I'm 36 years old and I live in North Robinland.Currently, I work as a Accountant, chartered management. My main interests include Travel, Sports, Technology. Feel free to reach out to me if you share any of these passions!",Vegetarian,1989-07-28,Yes,HighSchool,amercado@example.com,Moderate,Julie,Male,True,28,Thomas,lat:20.926406363242673 long:21.50562403342523,25,50,Ambivert,Dog,+91 -675-298-3158x5356,Transgender,0.7,FiguringOut,EarlyBird,Yes,Libra,Widowed,Partial,"Accountant, chartered management"
55,"Linda Hoffman, 36, West Danielle, Engineer, chemical",No,"Hi, I'm Linda Hoffman! I'm 36 years old and I live in West Danielle.Currently, I work as a Engineer, chemical. My main interests include Art, Travel, Art. Feel free to reach out to me if you share any of these passions!",Vegan,2000-06-10,No,Diploma,turnermaria@example.org,Active,Linda,Female,False,55,Hoffman,lat:21.522615679780802 long:22.35125087395268,24,50,Extrovert,Cat,+91 829-325-0421x8289,Everyone,0.3,Friends,NightOwl,No,Scorpio,Single,PreferNotToSay,"Engineer, chemical"
56,"Michelle Little, 33, West Johnside, Aid worker",Yes,"Hi, I'm Michelle Little! I'm 33 years old and I live in West Johnside.Currently, I work as a Aid worker. My main interests include Travel, Sports, Music. Feel free to reach out to me if you share any of these passions!",Pescatarian,2004-01-01,Yes,Bachelors,charles79@example.org,Sedentary,Michelle,Transgender,True,45,Little,lat:21.572725654024545 long:20.957845663863257,19,50,Introvert,Bird,+91 3)788-5700x1115,Male,0.5,LongTerm,Balanced,Occasionally,Sagittarius,InARelationship,Yes,Aid worker
57,"Marc Price, 38, North Christopherhaven, Pensions consultant",No,"Hi, I'm Marc Price! I'm 38 years old and I live in North Christopherhaven.Currently, I work as a Pensions consultant. My main interests include Travel, Sports, Music. Feel free to reach out to me if you share any of these passions!",Vegetarian,1980-12-03,No,Masters,angeladennis@example.net,Light,Marc,Male,False,58,Price,lat:20.855828850133193 long:21.24976188886698,24,50,Ambivert,Fish,+91 -802-2459x21528,Female,1.0,ShortTerm,EarlyBird,Yes,Capricorn,Married,No,Pensions consultant
58,"Michael Patrick, 58, North Dana, Site engineer",Yes,"Hi, I'm Michael Patrick! I'm 58 years old and I live in North Dana.Currently, I work as a Site engineer. My main interests include Technology, Music, Travel. Feel free to reach out to me if you share any of these passions!",Vegan,1982-04-02,Yes,AtUni,martha55@example.com,Moderate,Michael,Female,True,45,Patrick,lat:21.760098460525473 long:20.067624113933125,22,50,Extrovert,Reptile,+91 706-836-3160,Transgender,0.7,FiguringOut,NightOwl,No,Aquarius,Divorced,Partial,Site engineer
59,"Angela Nash, 42, Port Susan, Information officer",No,"Hi, I'm Angela Nash! I'm 42 years old and I live in Port Susan.Currently, I work as a Information officer. My main interests include Sports, Art, Technology. Feel free to reach out to me if you share any of these passions!",Pescatarian,2001-12-01,No,TradeSchool,pfox@example.net,Active,Angela,Transgender,False,36,Nash,lat:21.70041912275528 long:21.026398979346542,20,50,Introvert,None,+91 .399.8894x69641,Everyone,0.0,Friends,Balanced,Occasionally,Pisces,Widowed,PreferNotToSay,Information officer
60,"Tony Reyes PhD, 33, Melindaborough, Environmental consultant",Yes,"Hi, I'm Tony Reyes PhD! I'm 33 years old and I live in Melindaborough.Currently, I work as a Environmental consultant. My main interests include Travel, Music, Music. Feel free to reach out to me if you share any of these passions!",Vegetarian,1995-08-03,Yes,Phd,wagnermichael@example.com,Sedentary,Reyes,Male,True,33,PhD,lat:20.079236214476897 long:20.934318277203253,22,50,Ambivert,Dog,+91 -663-3609,Male,0.3,LongTerm,EarlyBird,Yes,Aries,Single,Yes,Environmental consultant
61,"Diane Scott, 23, South Stefanieborough, Buyer, retail",No,"Hi, I'm Diane Scott! I'm 23 years old and I live in South Stefanieborough.Currently, I work as a Buyer, retail. My main interests include Technology, Art, Sports. Feel free to reach out to me if you share any of these passions!",Vegan,1988-08-18,No,HighSchool,derek71@example.com,Light,Diane,Female,False,40,Scott,lat:21.677236913865443 long:20.532565133900082,22,50,Extrovert,Cat,+91 -836-295-7865x32855,Female,0.7,ShortTerm,NightOwl,No,Taurus,InARelationship,No,"Buyer, retail"
62,"Megan Thomas, 63, Johnsontown, Conservator, furniture",Yes,"Hi, I'm Megan Thomas! I'm 63 years old and I live in Johnsontown.Currently, I work as a Conservator, furniture. My main interests include Art, Technology, Music. Feel free to reach out to me if you share any of these passions!",Pescatarian,1985-07-04,Yes,Diploma,jennifer13@example.org,Moderate,Megan,Transgender,True,26,Thomas,lat:21.740402298821508 long:21.614392067785417,21,50,Introvert,Bird,+91 -486-595-1114x0106,Transgender,0.4,FiguringOut,Balanced,Occasionally,Gemini,Married,Partial,"Conservator, furniture"
63,"Jared Campbell, 47, Alexishaven, Proofreader",No,"Hi, I'm Jared Campbell! I'm 47 years old and I live in Alexishaven.Currently, I work as a Proofreader. My main interests include Technology, Travel, Sports. Feel free to reach out to me if you share any of these passions!",Vegetarian,1991-08-11,No,Bachelors,tcollins@example.com,Active,Jared,Male,False,32,Campbell,lat:20.40524752010887 long:20.069886404778142,25,50,Ambivert,Fish,+91 2)213-3750x091,Everyone,0.6,Friends,EarlyBird,Yes,Cancer,Divorced,PreferNotToSay,Proofreader
64,"Sean Baxter, 60, Port Christina, Warehouse manager",Yes,"Hi, I'm Sean Baxter! I'm 60 years old and I live in Port Christina.Currently, I work as a Warehouse manager. My main interests include Art, Music, Art. Feel free to reach out to me if you share any of these passions!",Vegan,1993-02-13,Yes,Masters,nicoledavila@example.net,Sedentary,Sean,Female,True,42,Baxter,lat:21.22097610438128 long:20.05086121240007,23,50,Extrovert,Reptile,+91 -568-401-9878x34464,Male,0.4,LongTerm,NightOwl,No,Leo,Widowed,Yes,Warehouse manager
65,"Lisa Cruz, 68, Mendozabury, Manufacturing systems engineer",No,"Hi, I'm Lisa Cruz! I'm 68 years old and I live in Mendozabury.Currently, I work as a Manufacturing systems engineer. My main interests include Technology, Travel, Sports. Feel free to reach out to me if you share any of these passions!",Pescatarian,1990-07-13,No,AtUni,ashleyreid@example.net,Light,Lisa,Transgender,False,41,Cruz,lat:21.79004579128834 long:20.629861389714694,23,50,Introvert,None,+91 .804.6722x008,Female,0.3,ShortTerm,Balanced,Occasionally,Virgo,Single,No,Manufacturing systems engineer
66,"Taylor Thompson, 37, South Krystalhaven, Chemist, analytical",Yes,"Hi, I'm Taylor Thompson! I'm 37 years old and I live in South Krystalhaven.Currently, I work as a Chemist, analytical. My main interests include Music, Music, Music. Feel free to reach out to me if you share any of these passions!",Vegetarian,1991-07-20,Yes,TradeSchool,chanjeffrey@example.com,Moderate,Taylor,Male,True,42,Thompson,lat:21.228094884625545 long:20.425924617733298,20,50,Ambivert,Dog,+91 8383177,Transgender,0.7,FiguringOut,EarlyBird,Yes,Libra,InARelationship,Partial,"Chemist, analytical"
67,"Gabriel Webb, 36, Marcuston, Minerals surveyor",No,"Hi, I'm Gabriel Webb! I'm 36 years old and I live in Marcuston.Currently, I work as a Minerals surveyor. My main interests include Technology, Music, Music. Feel free to reach out to me if you share any of these passions!",Vegan,1980-07-13,No,Phd,melissaday@example.org,Active,Gabriel,Female,False,56,Webb,lat:21.62452223346711 long:20.002426896398955,23,50,Extrovert,Cat,+91 .667.5500x73880,Everyone,1.0,Friends,NightOwl,No,Scorpio,Married,PreferNotToSay,Minerals surveyor
68,"Jennifer Sloan, 66, Brianhaven, Museum/gallery conservator",Yes,"Hi, I'm Jennifer Sloan! I'm 66 years old and I live in Brianhaven.Currently, I work as a Museum/gallery conservator. My main interests include Art, Sports, Sports. Feel free to reach out to me if you share any of these passions!",Pescatarian,1988-11-29,Yes,HighSchool,wendy83@example.net,Sedentary,Jennifer,Transgender,True,48,Sloan,lat:20.6576602167573 long:21.984821322985553,23,50,Introvert,Bird,+91 9)267-4480x77689,Male,0.2,LongTerm,Balanced,Occasionally,Sagittarius,Divorced,Yes,Museum/gallery conservator
69,"Yvette Smith, 61, Jacquelineborough, Investment analyst",No,"Hi, I'm Yvette Smith! I'm 61 years old and I live in Jacquelineborough.Currently, I work as a Investment analyst. My main interests include Art, Technology, Art. Feel free to reach out to me if you share any of these passions!",Vegetarian,1990-11-24,No,Diploma,danayoung@example.net,Light,Yvette,Male,False,46,Smith,lat:20.82738267030706 long:20.708393830425802,19,50,Ambivert,Fish,+91 -579-8499x1155,Female,0.0,ShortTerm,EarlyBird,Yes,Capricorn,Widowed,No,Investment analyst
70,"Glen Medina, 26, Wilsonmouth, Health promotion specialist",Yes,"Hi, I'm Glen Medina! I'm 26 years old and I live in Wilsonmouth.Currently, I work as a Health promotion specialist. My main interests include Sports, Travel, Technology. Feel free to reach out to me if you share any of these passions!",Vegan,1991-11-22,Yes,Bachelors,justin39@example.com,Moderate,Glen,Female,True,55,Medina,lat:21.236956651197758 long:20.25348427338437,19,50,Extrovert,Reptile,+91 678-694-6478,Transgender,0.3,FiguringOut,NightOwl,No,Aquarius,Single,Partial,Health promotion specialist
71,"Brittany Freeman, 27, Scottmouth, Technical author",No,"Hi, I'm Brittany Freeman! I'm 27 years old and I live in Scottmouth.Currently, I work as a Technical author. My main interests include Sports, Technology, Technology. Feel free to reach out to me if you share any of these passions!",Pescatarian,1984-12-29,No,Masters,tcasey@example.com,Active,Brittany,Transgender,False,33,Freeman,lat:20.536228675218208 long:21.825027937941158,22,50,Introvert,None,+91 .312.5085x366,Everyone,0.6,Friends,Balanced,Occasionally,Pisces,InARelationship,PreferNotToSay,Technical author
72,"Tristan Jackson, 26, Lake Robertbury, Engineering geologist",Yes,"Hi, I'm Tristan Jackson! I'm 26 years old and I live in Lake Robertbury.Currently, I work as a Engineering geologist. My main interests include Music, Sports, Art. Feel free to reach out to me if you share any of these passions!",Vegetarian,1993-06-09,Yes,AtUni,fsingh@example.com,Sedentary,Tristan,Male,True,34,Jackson,lat:21.97637116716594 long:20.92952271093995,25,50,Ambivert,Dog,+91 2)780-4071x897,Male,0.3,LongTerm,EarlyBird,Yes,Aries,Married,Yes,Engineering geologist
73,"Maria Johns, 42, Catherineville, Radiographer, therapeutic",No,"Hi, I'm Maria Johns! I'm 42 years old and I live in Catherineville.Currently, I work as a Radiographer, therapeutic. My main interests include Technology, Travel, Technology. Feel free to reach out to me if you share any of these passions!",Vegan,1997-03-17,No,TradeSchool,eric93@example.net,Light,Maria,Female,False,26,Johns,lat:21.526969596597638 long:21.640347575454985,24,50,Extrovert,Cat,+91 530-474-0678x5378,Female,0.0,ShortTerm,NightOwl,No,Taurus,Divorced,No,"Radiographer, therapeutic"
74,"Adam Alexander, 19, Lake Lesliemouth, Adult nurse",Yes,"Hi, I'm Adam Alexander! I'm 19 years old and I live in Lake Lesliemouth.Currently, I work as a Adult nurse. My main interests include Art, Sports, Music. Feel free to reach out to me if you share any of these passions!",Pescatarian,1985-07-14,Yes,Phd,eleblanc@example.com,Moderate,Adam,Transgender,True,43,Alexander,lat:20.38645837459356 long:22.108446885010935,21,50,Introvert,Bird,+91 -207-1619,Transgender,0.4,FiguringOut,Balanced,Occasionally,Gemini,Widowed,Partial,Adult nurse
75,"Samantha Short, 26, Port Kimberly, Dancer",No,"Hi, I'm Samantha Short! I'm 26 years old and I live in Port Kimberly.Currently, I work as a Dancer. My main interests include Technology, Travel, Art. Feel free to reach out to me if you share any of these passions!",Vegetarian,1993-03-25,No,HighSchool,wberry@example.net,Active,Samantha,Male,False,60,Short,lat:21.30095620659241 long:21.250371594770264,22,50,Ambivert,Fish,+91 -637-206-0032x500,Everyone,0.7,Friends,EarlyBird,Yes,Cancer,Single,PreferNotToSay,Dancer
76,"Mr. Matthew Banks, 30, New Jamesmouth, Editor, film/video",Yes,"Hi, I'm Mr. Matthew Banks! I'm 30 years old and I live in New Jamesmouth.Currently, I work as a Editor, film/video. My main interests include Travel, Music, Sports. Feel free to reach out to me if you share any of these passions!",Vegan,1991-06-22,Yes,Diploma,glyons@example.org,Sedentary,Matthew,Female,True,52,Banks,lat:20.02387397568766 long:22.966785017818328,20,50,Extrovert,Reptile,+91 8)799-5107x20780,Male,0.9,LongTerm,NightOwl,No,Leo,InARelationship,Yes,"Editor, film/video"
77,"Nicholas Perkins, 47, Lake Anthonyland, Telecommunications researcher",No,"Hi, I'm Nicholas Perkins! I'm 47 years old and I live in Lake Anthonyland.Currently, I work as a Telecommunications researcher. My main interests include Music, Technology, Travel. Feel free to reach out to me if you share any of these passions!",Pescatarian,1988-11-17,No,Bachelors,joneschelsea@example.com,Light,Nicholas,Transgender,False,49,Perkins,lat:20.904545356907857 long:22.70672685197779,23,50,Introvert,None,+91 -447-8733x23920,Female,0.6,ShortTerm,Balanced,Occasionally,Virgo,Married,No,Telecommunications researcher
78,"Phillip Simpson, 54, Jaredberg, Financial trader",Yes,"Hi, I'm Phillip Simpson! I'm 54 years old and I live in Jaredberg.Currently, I work as a Financial trader. My main interests include Technology, Art, Technology. Feel free to reach out to me if you share any of these passions!",Vegetarian,2000-05-16,Yes,Masters,burnsglenn@example.org,Moderate,Phillip,Male,True,48,Simpson,lat:21.13194775370504 long:20.000425575394736,24,50,Ambivert,Dog,+91 .209.6428,Transgender,0.2,FiguringOut,EarlyBird,Yes,Libra,Divorced,Partial,Financial trader
79,"David Keith, 53, Michelleton, Designer, textile",No,"Hi, I'm David Keith! I'm 53 years old and I live in Michelleton.Currently, I work as a Designer, textile. My main interests include Travel, Travel, Technology. Feel free to reach out to me if you share any of these passions!",Vegan,1999-07-18,No,AtUni,oharris@example.com,Active,David,Female,False,49,Keith,lat:21.839016047811686 long:22.47756388986622,22,50,Extrovert,Cat,+91 -361-885-3131,Everyone,1.0,Friends,NightOwl,No,Scorpio,Widowed,PreferNotToSay,"Designer, textile"
80,"Jessica Rodriguez, 23, Lake Alishahaven, Field seismologist",Yes,"Hi, I'm Jessica Rodriguez! I'm 23 years old and I live in Lake Alishahaven.Currently, I work as a Field seismologist. My main interests include Music, Sports, Music. Feel free to reach out to me if you share any of these passions!",Pescatarian,1984-05-10,Yes,TradeSchool,alexissmith@example.net,Sedentary,Jessica,Transgender,True,48,Rodriguez,lat:21.622840210590944 long:21.452072394275472,18,50,Introvert,Bird,+91 929-844-1213x4020,Male,0.4,LongTerm,Balanced,Occasionally,Sagittarius,Single,Yes,Field seismologist
81,"Sandra Kelley, 65, Port Loriborough, Physiological scientist",No,"Hi, I'm Sandra Kelley! I'm 65 years old and I live in Port Loriborough.Currently, I work as a Physiological scientist. My main interests include Art, Sports, Sports. Feel free to reach out to me if you share any of these passions!",Vegetarian,1982-11-13,No,Phd,ycohen@example.net,Light,Sandra,Male,False,43,Kelley,lat:21.164229675188462 long:20.68367651732392,19,50,Ambivert,Fish,+91 -499-469-5761,Female,0.2,ShortTerm,EarlyBird,Yes,Capricorn,InARelationship,No,Physiological scientist
82,"Chelsea Richards, 31, Mathewland, Programme researcher, broadcasting/film/video",Yes,"Hi, I'm Chelsea Richards! I'm 31 years old and I live in Mathewland.Currently, I work as a Programme researcher, broadcasting/film/video. My main interests include Art, Music, Art. Feel free to reach out to me if you share any of these passions!",Vegan,1986-09-13,Yes,HighSchool,hfarley@example.net,Moderate,Chelsea,Female,True,45,Richards,lat:20.661478808157092 long:21.926397648418302,18,50,Extrovert,Reptile,+91 .572.9878,Transgender,0.3,FiguringOut,NightOwl,No,Aquarius,Married,Partial,"Programme researcher, broadcasting/film/video"
83,"Robert Martinez, 38, Port Kyle, Control and instrumentation engineer",No,"Hi, I'm Robert Martinez! I'm 38 years old and I live in Port Kyle.Currently, I work as a Control and instrumentation engineer. My main interests include Music, Music, Music. Feel free to reach out to me if you share any of these passions!",Pescatarian,1989-01-11,No,Diploma,thomasgreer@example.net,Active,Robert,Transgender,False,38,Martinez,lat:20.58777880166362 long:21.3358159350636,24,50,Introvert,None,+91 428-782-3424,Everyone,1.0,Friends,Balanced,Occasionally,Pisces,Divorced,PreferNotToSay,Control and instrumentation engineer
84,"Jessica Fisher, 22, North Jason, Optician, dispensing",Yes,"Hi, I'm Jessica Fisher! I'm 22 years old and I live in North Jason.Currently, I work as a Optician, dispensing. My main interests include Travel, Sports, Technology. Feel free to reach out to me if you share any of these passions!",Vegetarian,1995-02-27,Yes,Bachelors,janet35@example.com,Sedentary,Jessica,Male,True,38,Fisher,lat:20.160683364308 long:22.202314802422794,25,50,Ambivert,Dog,+91 -398-6421,Male,0.7,LongTerm,EarlyBird,Yes,Aries,Widowed,Yes,"Optician, dispensing"
85,"Larry Baker, 44, Manuelstad, Contracting civil engineer",No,"Hi, I'm Larry Baker! I'm 44 years old and I live in Manuelstad.Currently, I work as a Contracting civil engineer. My main interests include Art, Technology, Travel. Feel free to reach out to me if you share any of these passions!",Vegan,1999-10-12,No,Masters,jasonandrade@example.com,Light,Larry,Female,False,25,Baker,lat:20.159055292186547 long:21.701325300876206,20,50,Extrovert,Cat,+91 4)373-2818x376,Female,0.3,ShortTerm,NightOwl,No,Taurus,Single,No,Contracting civil engineer
86,"Andrea Carlson, 49, Jonesstad, Market researcher",Yes,"Hi, I'm Andrea Carlson! I'm 49 years old and I live in Jonesstad.Currently, I work as a Market researcher. My main interests include Music, Art, Sports. Feel free to reach out to me if you share any of these passions!",Pescatarian,1989-02-21,Yes,AtUni,hfarrell@example.net,Moderate,Andrea,Transgender,True,36,Carlson,lat:20.457062445497847 long:20.27371937375261,22,50,Introvert,Bird,+91 -509-7197x83290,Transgender,0.1,FiguringOut,Balanced,Occasionally,Gemini,InARelationship,Partial,Market researcher
87,"Derrick Walls, 37, North Ashleystad, Economist",No,"Hi, I'm Derrick Walls! I'm 37 years old and I live in North Ashleystad.Currently, I work as a Economist. My main interests include Travel, Sports, Music. Feel free to reach out to me if you share any of these passions!",Vegetarian,1995-06-16,No,TradeSchool,swilliams@example.org,Active,Derrick,Male,False,52,Walls,lat:21.568448866391286 long:21.8605029803773,21,50,Ambivert,Fish,+91 9432512,Everyone,0.4,Friends,EarlyBird,Yes,Cancer,Married,PreferNotToSay,Economist
88,"Thomas Kent, 67, East Taramouth, Phytotherapist",Yes,"Hi, I'm Thomas Kent! I'm 67 years old and I live in East Taramouth.Currently, I work as a Phytotherapist. My main interests include Art, Music, Art. Feel free to reach out to me if you share any of these passions!",Vegan,1987-03-07,Yes,Phd,jonathanhunt@example.org,Sedentary,Thomas,Female,True,36,Kent,lat:20.41690351958309 long:20.76666386699488,24,50,Extrovert,Reptile,+91 2)620-5399,Male,0.3,LongTerm,NightOwl,No,Leo,Divorced,Yes,Phytotherapist
89,"Susan Roberts, 57, North Mikeview, Games developer",No,"Hi, I'm Susan Roberts! I'm 57 years old and I live in North Mikeview.Currently, I work as a Games developer. My main interests include Music, Music, Art. Feel free to reach out to me if you share any of these passions!",Pescatarian,1982-09-21,No,HighSchool,joseph74@example.net,Light,Susan,Transgender,False,56,Roberts,lat:21.07139912086797 long:22.395767934296128,18,50,Introvert,None,+91 -277-533-2403x8390,Female,0.2,ShortTerm,Balanced,Occasionally,Virgo,Widowed,No,Games developer
90,"Robert Cunningham, 58, Hansonbury, Production manager",Yes,"Hi, I'm Robert Cunningham! I'm 58 years old and I live in Hansonbury.Currently, I work as a Production manager. My main interests include Art, Travel, Sports. Feel free to reach out to me if you share any of these passions!",Vegetarian,1997-08-08,Yes,Diploma,qshepard@example.net,Moderate,Robert,Male,True,37,Cunningham,lat:21.987704926287357 long:21.890894684881697,23,50,Ambivert,Dog,+91 4)389-5481x4693,Transgender,0.6,FiguringOut,EarlyBird,Yes,Libra,Single,Partial,Production manager
91,"Sherry Pope, 44, Allisontown, Pilot, airline",No,"Hi, I'm Sherry Pope! I'm 44 years old and I live in Allisontown.Currently, I work as a Pilot, airline. My main interests include Sports, Music, Sports. Feel free to reach out to me if you share any of these passions!",Vegan,2003-11-05,No,Bachelors,lindabaxter@example.org,Active,Sherry,Female,False,30,Pope,lat:21.330199987945498 long:20.2650227270762,21,50,Extrovert,Cat,+91 -689-993-9752,Everyone,0.5,Friends,NightOwl,No,Scorpio,InARelationship,PreferNotToSay,"Pilot, airline"
92,"Travis Carter, 40, Curtisberg, Investment banker, operational",Yes,"Hi, I'm Travis Carter! I'm 40 years old and I live in Curtisberg.Currently, I work as a Investment banker, operational. My main interests include Music, Technology, Technology. Feel free to reach out to me if you share any of these passions!",Pescatarian,1996-04-15,Yes,Masters,simmonsjoan@example.net,Sedentary,Travis,Transgender,True,33,Carter,lat:21.171703291351868 long:22.655616908870627,22,50,Introvert,Bird,+91 2534111,Male,0.6,LongTerm,Balanced,Occasionally,Sagittarius,Married,Yes,"Investment banker, operational"
93,"Ashlee Butler, 63, East Amy, Risk manager",No,"Hi, I'm Ashlee Butler! I'm 63 years old and I live in East Amy.Currently, I work as a Risk manager. My main interests include Art, Travel, Art. Feel free to reach out to me if you share any of these passions!",Vegetarian,1992-11-06,No,AtUni,maureengarcia@example.org,Light,Ashlee,Male,False,58,Butler,lat:21.20011710964361 long:21.239379623830455,23,50,Ambivert,Fish,+91 829-284-2431x3194,Female,0.4,ShortTerm,EarlyBird,Yes,Capricorn,Divorced,No,Risk manager
94,"Joel Campbell, 51, East Justin, Product manager",Yes,"Hi, I'm Joel Campbell! I'm 51 years old and I live in East Justin.Currently, I work as a Product manager. My main interests include Technology, Music, Sports. Feel free to reach out to me if you share any of these passions!",Vegan,1985-04-10,Yes,TradeSchool,regina82@example.net,Moderate,Joel,Female,True,34,Campbell,lat:20.684419246928073 long:22.614431776594742,20,50,Extrovert,Reptile,+91 .448.7624x5828,Transgender,1.0,FiguringOut,NightOwl,No,Aquarius,Widowed,Partial,Product manager
95,"James Snyder, 24, West Randall, Psychologist, forensic",No,"Hi, I'm James Snyder! I'm 24 years old and I live in West Randall.Currently, I work as a Psychologist, forensic. My main interests include Art, Art, Art. Feel free to reach out to me if you share any of these passions!",Pescatarian,1992-02-25,No,Phd,sean99@example.net,Active,James,Transgender,False,41,Snyder,lat:20.13738400892973 long:22.85095125377213,18,50,Introvert,None,+91 907-895-3340x4866,Everyone,0.0,Friends,Balanced,Occasionally,Pisces,Single,PreferNotToSay,"Psychologist, forensic"
96,"Robert Coffey, 24, Lake Audrey, Lexicographer",Yes,"Hi, I'm Robert Coffey! I'm 24 years old and I live in Lake Audrey.Currently, I work as a Lexicographer. My main interests include Technology, Travel, Technology. Feel free to reach out to me if you share any of these passions!",Vegetarian,1991-02-07,Yes,HighSchool,handerson@example.org,Sedentary,Robert,Male,True,56,Coffey,lat:20.861455649044437 long:20.102363075723034,18,50,Ambivert,Dog,+91 -904-0897x7302,Male,1.0,LongTerm,EarlyBird,Yes,Aries,InARelationship,Yes,Lexicographer
97,"Nicole Wilson, 66, North Hannahtown, Neurosurgeon",No,"Hi, I'm Nicole Wilson! I'm 66 years old and I live in North Hannahtown.Currently, I work as a Neurosurgeon. My main interests include Sports, Sports, Sports. Feel free to reach out to me if you share any of these passions!",Vegan,1982-07-12,No,Diploma,jose23@example.org,Light,Nicole,Female,False,54,Wilson,lat:20.72274222802051 long:22.632549681756778,24,50,Extrovert,Cat,+91 -287-1811,Female,0.2,ShortTerm,NightOwl,No,Taurus,Married,No,Neurosurgeon
98,"William Ewing, 42, Calderonborough, Local government officer",Yes,"Hi, I'm William Ewing! I'm 42 years old and I live in Calderonborough.Currently, I work as a Local government officer. My main interests include Technology, Music, Music. Feel free to reach out to me if you share any of these passions!",Pescatarian,1980-05-18,Yes,Bachelors,shanedixon@example.org,Moderate,William,Transgender,True,54,Ewing,lat:21.276811228543068 long:20.432788765946768,24,50,Introvert,Bird,+91 9245466,Transgender,1.0,FiguringOut,Balanced,Occasionally,Gemini,Divorced,Partial,Local government officer
99,"Walter Rogers, 58, Port Kevinmouth, Child psychotherapist",No,"Hi, I'm Walter Rogers! I'm 58 years old and I live in Port Kevinmouth.Currently, I work as a Child psychotherapist. My main interests include Travel, Travel, Travel. Feel free to reach out to me if you share any of these passions!",Vegetarian,1980-11-25,No,Masters,hansenjennifer@example.net,Active,Walter,Male,False,32,Rogers,lat:20.067195030416922 long:22.226576376091852,19,50,Ambivert,Fish,+91 -901-2196x327,Everyone,0.4,Friends,EarlyBird,Yes,Cancer,Widowed,PreferNotToSay,Child psychotherapist
100,"Michelle Lozano, 56, Bradleychester, Radio producer",Yes,"Hi, I'm Michelle Lozano! I'm 56 years old and I live in Bradleychester.Currently, I work as a Radio producer. My main interests include Music, Technology, Art. Feel free to reach out to me if you share any of these passions!",Vegan,1991-09-04,Yes,AtUni,testrada@example.net,Sedentary,Michelle,Female,True,45,Lozano,lat:20.50119479425274 long:21.11952720384855,20,50,Extrovert,Reptile,+91 8)805-6031x008,Male,0.0,LongTerm,NightOwl,No,Leo,Single,Yes,Radio producer
101,"Mark Campos, 62, Nicholasmouth, Development worker, international aid",No,"Hi, I'm Mark Campos! I'm 62 years old and I live in Nicholasmouth.Currently, I work as a Development worker, international aid. My main interests include Technology, Travel, Technology. Feel free to reach out to me if you share any of these passions!",Pescatarian,1988-10-14,No,TradeSchool,frazieredwin@example.org,Light,Mark,Transgender,False,43,Campos,lat:20.46664862922047 long:20.6093382093141,20,50,Introvert,None,+91 -340-6106x96815,Female,0.6,ShortTerm,Balanced,Occasionally,Virgo,InARelationship,No,"Development worker, international aid"
